<?xml version="1.0" encoding="utf-8" ?>
<Defs>
  <FactionDef>
		<defName>USFM_FactionUSMC</defName>
		<label>USFM</label>
    <description>United Space Force Mercenaries (USFM)</description>
    <pawnSingular>mercenary</pawnSingular>
    <pawnsPlural>mercenaries</pawnsPlural>
    <listOrderPriority>10</listOrderPriority>
    <requiredCountAtGameStart>1</requiredCountAtGameStart>
	<maxCountAtGameStart>1</maxCountAtGameStart>
	<hidden>true</hidden>
	<raidCommonalityFromPointsCurve>
      <points>
        <li>(0, 0)</li>
      </points>
    </raidCommonalityFromPointsCurve>
	<raidLootValueFromPointsCurve>
      <points>
        <li>(35,     15)</li>
        <li>(100,   120)</li>
        <li>(1000,  500)</li>
        <li>(2000,  800)</li>
        <li>(4000, 1000)</li>
      </points>
    </raidLootValueFromPointsCurve>
	<backstoryCategories>
			<li>Spacer</li>
	</backstoryCategories>
    <colorSpectrum>
      <li>(0.45, 0.05, 0.05)</li>
      <li>(0.80, 0.25, 0.05)</li>
    </colorSpectrum>
	<fixedName>United Space Force Mercenaries</fixedName>
	<techLevel>Spacer</techLevel>
	<factionIconPath>World/USFMR</factionIconPath>
  </FactionDef>
  
    <FactionDef>
		<defName>USFM_FactionAOS</defName>
		<label>Iron Alliance (USFM)</label>
		<description>The Iron Alliance is a medieval mercenary company that is part of the USFM conglomerate and present on your rimworld</description>
		<pawnSingular>mercenary</pawnSingular>
		<pawnsPlural>mercenaries</pawnsPlural>
		<listOrderPriority>10</listOrderPriority>
		<settlementGenerationWeight>1</settlementGenerationWeight>
		<requiredCountAtGameStart>1</requiredCountAtGameStart>
		<maxCountAtGameStart>1</maxCountAtGameStart>
		<canMakeRandomly>false</canMakeRandomly>
		<canSiege>false</canSiege>
		<canStageAttacks>false</canStageAttacks>
		<hidden>false</hidden>
		<raidCommonalityFromPointsCurve>
		  <points>
			<li>(0, 0)</li>
		  </points>
		</raidCommonalityFromPointsCurve>
		<raidLootValueFromPointsCurve>
		  <points>
			<li>(35,     15)</li>
			<li>(100,   120)</li>
			<li>(1000,  500)</li>
			<li>(2000,  800)</li>
			<li>(4000, 1000)</li>
		  </points>
		</raidLootValueFromPointsCurve>
		<colorSpectrum>
		  <li>(0.1, 0.1, 0.1)</li>
		</colorSpectrum>
		<fixedName>Iron Alliance (USFM)</fixedName>
		<techLevel>Medieval</techLevel>
		<backstoryFilters>
		  <li>
			<categories>
			  <li>Outlander</li>
			</categories>
			<commonality>0.95</commonality>
		  </li>
		  <li>
			<categories>
			  <li>Offworld</li>
			</categories>
			<commonality>0.05</commonality>
		  </li>
		</backstoryFilters>
		<factionIconPath>World/USFM</factionIconPath>
		<settlementTexturePath>World/USFM</settlementTexturePath>
		<caravanTraderKinds>
		  <li>Caravan_Outlander_BulkGoods</li>
		  <li>Caravan_Outlander_CombatSupplier</li>
		  <li>Caravan_Outlander_Exotic</li>
		  <li>Caravan_Outlander_PirateMerchant</li>
		</caravanTraderKinds>
    <visitorTraderKinds>
      <li>Visitor_Outlander_Standard</li>
    </visitorTraderKinds>
    <baseTraderKinds>
      <li>Base_Outlander_Standard</li>
    </baseTraderKinds>
		<allowedArrivalTemperatureRange>
			<min>-40</min>
			<max>45</max>
		</allowedArrivalTemperatureRange>
	 <maxPawnCostPerTotalPointsCurve>
	  <points>
		<li>(0,35)</li>
		<li>(70, 50)</li>
		<li>(700, 100)</li>
		<li>(1300, 150)</li>
		<li>(100000, 10000)</li>
	  </points>
	</maxPawnCostPerTotalPointsCurve>
    <pawnGroupMakers>
      <li>
        <!-- Normal fights, standard mix -->
        <kindDef>Combat</kindDef>
		<commonality>80</commonality>
        <options>
		   <MFM_IronAllianceVillager>5</MFM_IronAllianceVillager>
          <MFM_IronAllianceGuard>10</MFM_IronAllianceGuard>
		  <MFM_IronAllianceBowman>15</MFM_IronAllianceBowman>
		  <MFM_IronAllianceEliteBowman>8</MFM_IronAllianceEliteBowman>
		  <MFM_IronAllianceEliteGuard>4</MFM_IronAllianceEliteGuard>
		  <MFM_IronAllianceKnight>8</MFM_IronAllianceKnight>
		  <MFM_IronAllianceLord>1.5</MFM_IronAllianceLord>
        </options>
      </li>
	  <li>
        <!-- Ranged -->
        <kindDef>Combat</kindDef>
		<commonality>60</commonality>
        <options>
          <MFM_IronAllianceGuard>5</MFM_IronAllianceGuard>
		  <MFM_IronAllianceBowman>25</MFM_IronAllianceBowman>
		  <MFM_IronAllianceEliteBowman>15</MFM_IronAllianceEliteBowman>
		  <MFM_IronAllianceLord>1.5</MFM_IronAllianceLord>
        </options>
      </li>
	  <li>
      <!-- Melee -->
        <kindDef>Combat</kindDef>
		<commonality>50</commonality>
        <options>
          <MFM_IronAllianceGuard>25</MFM_IronAllianceGuard>
		  <MFM_IronAllianceKnight>15</MFM_IronAllianceKnight>
		  <MFM_IronAllianceBowman>10</MFM_IronAllianceBowman>
		  <MFM_IronAllianceEliteGuard>15</MFM_IronAllianceEliteGuard>
		  <MFM_IronAllianceLord>1.5</MFM_IronAllianceLord>
        </options>
      </li>
	   <li>
      <!-- Elite -->
        <kindDef>Combat</kindDef>
		<commonality>15</commonality>
        <options>
		  <MFM_IronAllianceBowman>5</MFM_IronAllianceBowman>
          <MFM_IronAllianceGuard>5</MFM_IronAllianceGuard>
		  <MFM_IronAllianceEliteBowman>20</MFM_IronAllianceEliteBowman>
		  <MFM_IronAllianceEliteGuard>20</MFM_IronAllianceEliteGuard>
		  <MFM_IronAllianceLord>1.5</MFM_IronAllianceLord>
        </options>
      </li>
	  <li>
        <kindDef>Peaceful</kindDef>
        <options>
          <MFM_IronAllianceVillager>20</MFM_IronAllianceVillager>
          <MFM_IronAllianceGuard>10</MFM_IronAllianceGuard>
        </options>
      </li>
      <li>
        <kindDef>Trader</kindDef>
        <traders>
          <MFM_IronAllianceTrader>1</MFM_IronAllianceTrader>
        </traders>
        <carriers>
          <Muffalo>6</Muffalo>
          <Dromedary>5</Dromedary>
          <Alpaca>2</Alpaca>
          <Elephant>1</Elephant>
        </carriers>
        <guards>
          <MFM_IronAllianceVillager>3</MFM_IronAllianceVillager>
          <MFM_IronAllianceGuard>10</MFM_IronAllianceGuard>
		  <MFM_IronAllianceBowman>12</MFM_IronAllianceBowman>
		  <MFM_IronAllianceEliteBowman>8</MFM_IronAllianceEliteBowman>
		  <MFM_IronAllianceEliteGuard>8</MFM_IronAllianceEliteGuard>
		</guards>
      </li>
	  <li>
        <kindDef>Settlement</kindDef>
        <options>
		  <MFM_IronAllianceVillager>5</MFM_IronAllianceVillager>
          <MFM_IronAllianceGuard>12</MFM_IronAllianceGuard>
          <MFM_IronAllianceEliteBowman>10</MFM_IronAllianceEliteBowman>
          <MFM_IronAllianceEliteGuard>10</MFM_IronAllianceEliteGuard>
		  <MFM_IronAllianceKnight>5</MFM_IronAllianceKnight>
        </options>
      </li>
    </pawnGroupMakers>
  </FactionDef>
</Defs>