<?xml version="1.0" encoding="utf-8" ?>
<Defs>
  <PawnKindDef Name="MFM_IronAllianceBase" Abstract="True">
    <race>Human</race>
    <defaultFactionType>USFM_FactionAOS</defaultFactionType>
    <chemicalAddictionChance>0.05</chemicalAddictionChance>
    <backstoryCryptosleepCommonality>0.05</backstoryCryptosleepCommonality>
    <invNutrition>2.55</invNutrition>
    <apparelTags>
      <li>MedievalMilitary</li>
    </apparelTags>
    <inventoryOptions>
      <skipChance>0.70</skipChance>
      <subOptionsChooseOne>
        <li>
          <choiceChance>90</choiceChance>
          <thingDef>Silver</thingDef>
          <countRange>
            <min>30</min>
            <max>100</max>
          </countRange>
        </li>
      </subOptionsChooseOne>
    </inventoryOptions>
	<maxGenerationAge>65</maxGenerationAge>
	<combatEnhancingDrugsChance>0.15</combatEnhancingDrugsChance>
    <combatEnhancingDrugsCount>0~2</combatEnhancingDrugsCount>
  </PawnKindDef>
  
  <PawnKindDef ParentName="MFM_IronAllianceBase">
    <defName>MFM_IronAllianceTrader</defName>
    <label>town trader</label>
    <trader>true</trader>
    <combatPower>40</combatPower>
    <isFighter>false</isFighter>
    <gearHealthRange>
      <min>1</min>
      <max>1</max>
    </gearHealthRange>
    <itemQuality>Normal</itemQuality>
    <weaponTags>
      <li>NeolithicRangedDecent</li>
    </weaponTags>
    <weaponMoney>
      <min>200</min>
      <max>200</max>
    </weaponMoney>
    <apparelMoney>
      <min>400</min>
      <max>600</max>
    </apparelMoney>
    <apparelTags>
      <li>MedievalMilitary</li>
      <li>USFM</li>
    </apparelTags>
    <apparelRequired>
      <li>MFM_Apparel_USFMBasicShirt</li>
    </apparelRequired>
    <techHediffsChance>0.15</techHediffsChance>
    <techHediffsMoney>
      <min>600</min>
      <max>1500</max>
    </techHediffsMoney>
    <techHediffsTags>
      <li>Poor</li>
      <li>Simple</li>
      <li>Advanced</li>
    </techHediffsTags>
  </PawnKindDef>

  <PawnKindDef ParentName="MFM_IronAllianceBase">
    <defName>MFM_IronAllianceBowman</defName>
    <label>Bow-man</label>
    <combatPower>65</combatPower>
    <isFighter>true</isFighter>
    <gearHealthRange>
      <min>0.6</min>
      <max>2</max>
    </gearHealthRange>
    <apparelTags>
      <li>MedievalMilitary</li>
      <li>USFM</li>
    </apparelTags>
	<apparelRequired>
      <!--<li>Apparel_CollarShirt</li>-->
      <li>MFM_Apparel_USFMBasicShirt</li>
    </apparelRequired>
    <apparelMoney>
      <min>400</min>
      <max>600</max>
    </apparelMoney>
    <apparelAllowHeadgearChance>0.4</apparelAllowHeadgearChance>
    <weaponTags>
      <li>NeolithicRangedDecent</li>
    </weaponTags>
    <weaponMoney>
      <min>250</min>
      <max>400</max>
    </weaponMoney>
    <techHediffsChance>0.04</techHediffsChance>
    <techHediffsMoney>
      <min>200</min>
      <max>700</max>
    </techHediffsMoney>
    <techHediffsTags>
      <li>Poor</li>
      <li>Simple</li>
    </techHediffsTags>
  </PawnKindDef>
  
  <PawnKindDef ParentName="MFM_IronAllianceBase">
    <defName>MFM_IronAllianceGuard</defName>
    <label>town guard</label>
    <combatPower>55</combatPower>
    <isFighter>true</isFighter>
    <gearHealthRange>
      <min>0.6</min>
      <max>2</max>
    </gearHealthRange>
    <apparelTags>
      <li>MedievalMilitary</li>
      <li>USFM</li>
    </apparelTags>
	<apparelRequired>
      <!--<li>Apparel_CollarShirt</li>-->
      <li>MFM_Apparel_USFMBasicShirt</li>
    </apparelRequired>
    <apparelMoney>
      <min>400</min>
      <max>600</max>
    </apparelMoney>
    <apparelAllowHeadgearChance>0.4</apparelAllowHeadgearChance>
    <weaponTags>
      <li>MedievalMeleeDecent</li>
    </weaponTags>
    <weaponMoney>
      <min>250</min>
      <max>400</max>
    </weaponMoney>
    <techHediffsChance>0.04</techHediffsChance>
    <techHediffsMoney>
      <min>200</min>
      <max>700</max>
    </techHediffsMoney>
    <techHediffsTags>
      <li>Poor</li>
      <li>Simple</li>
    </techHediffsTags>
  </PawnKindDef>
  
  
  <PawnKindDef ParentName="MFM_IronAllianceBase">
    <defName>MFM_IronAllianceEliteGuard</defName>
    <label>elite guard</label>
    <combatPower>150</combatPower>
    <isFighter>true</isFighter>
    <gearHealthRange>
      <min>1</min>
      <max>1</max>
    </gearHealthRange>
    <apparelTags>
      <li>MedievalMilitary</li>
      <li>USFM</li>
    </apparelTags>
	<apparelRequired>
      <li>MFM_Apparel_USFMBasicShirt</li>
    </apparelRequired>
    <apparelMoney>
      <min>2000</min>
      <max>3500</max>
    </apparelMoney>
    <apparelAllowHeadgearChance>0.4</apparelAllowHeadgearChance>
    <weaponTags>
      <li>MedievalMeleeAdvanced</li>
    </weaponTags>
    <weaponMoney>
      <min>500</min>
      <max>1400</max>
    </weaponMoney>
    <techHediffsChance>0.04</techHediffsChance>
    <techHediffsMoney>
      <min>1000</min>
      <max>1200</max>
    </techHediffsMoney>
    <techHediffsTags>
      <li>Advanced</li>
    </techHediffsTags>
  </PawnKindDef>
  
  
 <PawnKindDef ParentName="MFM_IronAllianceBase">
    <defName>MFM_IronAllianceKnight</defName>
    <label>knight</label>
    <combatPower>195</combatPower>
    <isFighter>true</isFighter>
    <gearHealthRange>
      <min>1</min>
      <max>1</max>
    </gearHealthRange>
    <apparelTags>
      <li>MedievalMilitary</li>
      <li>USFM</li>
    </apparelTags>
	<apparelRequired>
      <li>MFM_Apparel_USFMBasicShirt</li>
    </apparelRequired>
    <apparelMoney>
      <min>2000</min>
      <max>9500</max>
    </apparelMoney>
    <apparelAllowHeadgearChance>0.4</apparelAllowHeadgearChance>
    <weaponTags>
      <li>MedievalMeleeAdvanced</li>
    </weaponTags>
    <weaponMoney>
      <min>500</min>
      <max>5400</max>
    </weaponMoney>
    <techHediffsChance>0.04</techHediffsChance>
    <techHediffsMoney>
      <min>1000</min>
      <max>1200</max>
    </techHediffsMoney>
    <techHediffsTags>
      <li>Advanced</li>
    </techHediffsTags>
  </PawnKindDef>
  
   <PawnKindDef ParentName="MFM_IronAllianceBase">
     <defName>MFM_IronAllianceLord</defName>
    <label>lord</label>
    <labelPlural>lords</labelPlural>
    <baseRecruitDifficulty>0.90</baseRecruitDifficulty>
    <factionLeader>true</factionLeader>
    <combatPower>255</combatPower>
    <isFighter>true</isFighter>
    <gearHealthRange>
      <min>1</min>
      <max>1</max>
    </gearHealthRange>
    <apparelTags>
      <li>MedievalMilitary</li>
      <li>USFM</li>
    </apparelTags>
	<apparelRequired>
      <li>MFM_Apparel_USFMBasicShirt</li>
    </apparelRequired>
    <apparelMoney>
      <min>2000</min>
      <max>9500</max>
    </apparelMoney>
    <apparelAllowHeadgearChance>0.4</apparelAllowHeadgearChance>
    <weaponTags>
      <li>MedievalMeleeAdvanced</li>
    </weaponTags>
    <weaponMoney>
      <min>500</min>
      <max>5400</max>
    </weaponMoney>
    <techHediffsChance>0.04</techHediffsChance>
    <techHediffsMoney>
      <min>1000</min>
      <max>1200</max>
    </techHediffsMoney>
    <techHediffsTags>
      <li>Advanced</li>
    </techHediffsTags>
	<inventoryOptions>
      <skipChance>0.8</skipChance>
      <subOptionsChooseOne>
        <li>
          <thingDef>Silver</thingDef>
          <countRange>
            <min>50</min>
            <max>200</max>
          </countRange>
        </li>
      </subOptionsChooseOne>
    </inventoryOptions>
  </PawnKindDef>
  
  
   <PawnKindDef ParentName="MFM_IronAllianceBase">
    <defName>MFM_IronAllianceEliteBowman</defName>
    <label>elite bow-man</label>
    <combatPower>150</combatPower>
    <isFighter>true</isFighter>
    <gearHealthRange>
      <min>1</min>
      <max>1</max>
    </gearHealthRange>
    <apparelTags>
      <li>MedievalMilitary</li>
      <li>USFM</li>
    </apparelTags>
	<apparelRequired>
      <li>MFM_Apparel_USFMBasicShirt</li>
    </apparelRequired>
    <apparelMoney>
      <min>2000</min>
      <max>3500</max>
    </apparelMoney>
    <apparelAllowHeadgearChance>0.4</apparelAllowHeadgearChance>
    <weaponTags>
      <li>NeolithicRangedHeavy</li>
      <li>NeolithicRangedChief</li>
    </weaponTags>
    <weaponMoney>
      <min>500</min>
      <max>1400</max>
    </weaponMoney>
    <techHediffsChance>0.04</techHediffsChance>
    <techHediffsMoney>
      <min>1000</min>
      <max>1200</max>
    </techHediffsMoney>
    <techHediffsTags>
      <li>Advanced</li>
    </techHediffsTags>
  </PawnKindDef>
  
  <PawnKindDef ParentName="MFM_IronAllianceBase">
    <defName>MFM_IronAllianceVillager</defName>
    <label>villager</label>
    <combatPower>35</combatPower>
    <itemQuality>Poor</itemQuality>
    <isFighter>false</isFighter>
    <gearHealthRange>
      <min>0.2</min>
      <max>2.0</max>
    </gearHealthRange>
    <weaponTags>
      <li>MedievalMeleeBasic</li>
    </weaponTags>
    <weaponMoney>
      <min>65</min>
      <max>250</max>
    </weaponMoney>
    <apparelMoney>
      <min>200</min>
      <max>400</max>
    </apparelMoney>
	<apparelTags>
      <li>Neolithic</li>
      <li>USFM</li>
    </apparelTags>
	<apparelRequired>
      <!--<li>Apparel_CollarShirt</li>-->
      <li>MFM_Apparel_USFMBasicShirt</li>
    </apparelRequired>
    <apparelAllowHeadgearChance>0.4</apparelAllowHeadgearChance>
    <techHediffsChance>0.06</techHediffsChance>
    <techHediffsMoney>
      <min>50</min>
      <max>600</max>
    </techHediffsMoney>
    <techHediffsTags>
      <li>Poor</li>
      <li>Simple</li>
    </techHediffsTags>
  </PawnKindDef>
 </Defs>