﻿<?xml version="1.0" encoding="utf-8"?>
<ModMetaData>
    <name>Mercenaries For Me</name>
    <author>aRandomKiwi</author>
    <supportedVersions>
        <li>1.0</li>
		<li>1.1</li>
		<li>1.2</li>
		<li>1.3</li>
		<li>1.4</li>
	</supportedVersions>
	<modDependencies>
    <li>
        <packageId>brrainz.harmony</packageId>
        <displayName>Harmony</displayName>
        <steamWorkshopUrl>steam://url/CommunityFilePage/2009463077</steamWorkshopUrl>
        <downloadUrl>https://github.com/pardeike/HarmonyRimWorld/releases/latest</downloadUrl>
    </li>
	</modDependencies>
	<packageId>aRandomKiwi.MercenariesForMe</packageId>
    <description><![CDATA[
Hire and rent mercenaries.
Fully customizable.

Version <color=#FFD800>1.5.29</color>
]]>
</description>

</ModMetaData>